company_name,company_url
株式会社夢テクノロジーNEW締切間近,https://www.yumeteku.jp/?utm_source=mae&utm_medium=bt
株式会社スタッフサービス　エンジニアリング事業本部NEW締切間近,https://www.staffservice-engineering.jp/beginner/
株式会社ワールドインテック (ワールドホールディングスグループ)NEW,https://www.witc.co.jp/
株式会社フロンティアダイレクトNEW,https://frontier-di.co.jp/
フォーザウィン株式会社NEW,https://www.forthewin.co.jp/
ＣＬＩＮＫＳ株式会社NEW,https://www.clinks.jp/
パーソルエクセルHRパートナーズ株式会社NEW締切間近,https://persol-hrpartners.co.jp/
ALH株式会社NEW,https://www.alhinc.jp/
ALH株式会社NEW,https://www.alhinc.jp/
株式会社フラットNEW,https://flat-inc.site/
ラーニンギフト株式会社NEW,https://learningift.com/
株式会社日本ビジネスデータープロセシングセンターNEW,https://ssl.nihon-data.jp
株式会社クリアNEW,https://clear-inc.site/
株式会社ルートゼロNEW,https://route-zero.com/recruit/
ラーニンギフト株式会社NEW,https://learningift.com/
Ｓｋｙ株式会社NEW,http://www.skygroup.jp/
ディーピーティー株式会社NEW,http://www.dpt-inc.co.jp
株式会社SHIFT 【プライム市場】NEW,https://www.shiftinc.jp/
株式会社SHIFT 【プライム市場】,http://www.shiftinc.jp/
株式会社スタッフサービス　エンジニアリング事業本部締切間近,https://www.staffservice-engineering.jp/beginner/
マンパワーグループ株式会社締切間近,https://www.experis.jp/
株式会社セラク 【プライム市場】締切間近,https://www.seraku.co.jp/
ＬＩＮＥ　Ｆｕｋｕｏｋａ株式会社,https://linefukuoka.co.jp/ja/
トーテックアメニティ株式会社,https://www.totec.jp/
富士ソフト株式会社 【プライム市場】締切間近,https://www.fsi.co.jp/
株式会社インテクア,https://www.intequa.jp/
株式会社インテクア,https://www.intequa.jp/
株式会社ＨＡＬ,https://www.hal21.co.jp/
株式会社エクシオジャパン,https://www.exeojapan.com/
株式会社ＪＯＩＮＴ　ＣＲＥＷ,https://www.jointcrew.co.jp/
株式会社JCDソリューション,http://www.jcdsol.co.jp/
株式会社SHIFT 【プライム市場】,https://www.shiftinc.jp/
株式会社ＮＥＷ　ＧＡＴＥ,https://n-newgate.com/
株式会社テクノクリエイティブ,https://www.techno-creative.co.jp/
PayPayカード株式会社 (Zホールディングス),https://www.paypay-card.co.jp/company/
株式会社アウトソーシングテクノロジー SS事業本部締切間近,https://it-recruit.ostechnology.co.jp/
ラーニンギフト株式会社締切間近,https://learningift.com/
株式会社JCDソリューションNEW,http://www.jcdsol.co.jp/
Vareal株式会社NEW,https://www.vareal.co.jp/
凸版印刷株式会社 【プライム市場】NEW,https://www.toppan.co.jp/
地球人．ｊｐ株式会社NEW,https://chikyujin.jp/
Ｓｋｙ株式会社NEW,http://www.skygroup.jp/
株式会社ＩＮＦＯＮＥＸ,http://infonex.jp/
株式会社ATGS (SKIグループ)締切間近,https://www.atgs.jp/
株式会社キャリアイノベーション,https://career-inv.net/
株式会社ネクシス (メハーゲングループ),
イーストライズ株式会社締切間近,https://www.east-rise.com/
富士ソフト株式会社 【プライム市場】締切間近,https://www.fsi.co.jp/
アオヤギ株式会社,https://www.aoyagi-f.co.jp
ラテラル・シンキング株式会社｜福岡オフィス締切間近,https://www.lateral-t.co.jp/
フォーザウィン株式会社NEW,
株式会社アソウ・アルファNEW,https://alpha.ahc-net.co.jp/
株式会社ＱＰＳ研究所NEW,https://i-qps.net/
楽天カード株式会社NEW,http://www.rakuten-card.co.jp/
アクサス株式会社NEW,http://www.axas-japan.co.jp/
Gcomホールディングス株式会社NEW,https://www.gyoseiq.co.jp/
株式会社エヌエルプラスNEW,https://nl-plus.co.jp/
株式会社Retail AI XNEW,https://www.retail-ai.jp/
株式会社ケイングNEW,http://www.keiing.co.jp/index.html
データキューブ株式会社NEW,http://www.datacube.co.jp/index.html
株式会社サンテクNEW,http://www.santeku.co.jp/
ＬＩＮＥ　Ｆｕｋｕｏｋａ株式会社NEW,http://linefukuoka.co.jp/
株式会社Retail AI XNEW,https://www.retail-ai.jp/
株式会社ＱＰＳ研究所NEW,https://i-qps.net/
株式会社九州リースサービスNEW,https://www.k-lease.co.jp
デロイト トーマツ アクト株式会社NEW,https://www2.deloitte.com/jp/ja/pages/about-deloitte/articles/dtc/dt-akt.html
株式会社日立製作所NEW,http://www.hitachi.co.jp/
株式会社Retail AI XNEW,https://www.retail-ai.jp/
株式会社カホエンタープライズNEW,https://kaho-enterprise.co.jp/
株式会社Ｗｉｓｄｏｍ ＫｅｙNEW,http://wisdom-key.co.jp/
株式会社Retail AI XNEW,https://www.retail-ai.jp/
株式会社フューチャーアシストNEW,http://www.f-assist.co.jp/
株式会社カホエンタープライズNEW,https://kaho-enterprise.co.jp/
プライマル株式会社NEW,http://www.primal-biz.co.jp/
株式会社テクノプロNEW,http://www.technopro.com/
株式会社ルーティスNEW,http://rootice.co.jp/
株式会社クレスコNEW,http://www.cresco.co.jp/
デロイト トーマツ アクト株式会社NEW,https://www2.deloitte.com/jp/ja/pages/about-deloitte/articles/dtc/dt-akt.html
デロイト トーマツ アクト株式会社NEW,https://www2.deloitte.com/jp/ja/pages/about-deloitte/articles/dtc/dt-akt.html
デロイト トーマツ アクト株式会社NEW,https://www2.deloitte.com/jp/ja/pages/about-deloitte/articles/dtc/dt-akt.html
ウルシステムズ株式会社NEW,http://www.ulsystems.co.jp/
ウルシステムズ株式会社NEW,http://www.ulsystems.co.jp/
株式会社ヒューマンウェイブNEW,http://www.human-wave.com/
リックス株式会社NEW,http://www.rix.co.jp/
ウルシステムズ株式会社NEW,http://www.ulsystems.co.jp/
株式会社ルーティスNEW,http://rootice.co.jp/
株式会社プリマジェスト,http://www.primagest.co.jp/
株式会社ミライスタート,http://www.miraistart.com/
パーソルエクセルHRパートナーズ株式会社,https://persol-hrpartners.co.jp/
株式会社プリマジェスト,http://www.primagest.co.jp/
株式会社ベガコーポレーション,http://www.vega-c.com/
株式会社ベガコーポレーション,http://www.vega-c.com/
株式会社エスエフシー新潟,http://www.sfc-niigata.co.jp/
ディープリサーチ株式会社,https://www.deepresearch-inc.jp/
株式会社アイキューブドシステムズ,http://www.i3-systems.com/
株式会社アイキューブドシステムズ,http://www.i3-systems.com/
株式会社アイキューブドシステムズ,http://www.i3-systems.com/
京セラコミュニケーションシステム株式会社,http://www.kccs.co.jp/
株式会社デジナーレ,https://designare.jp/
株式会社ＥＣＢＯスクエア,https://www.ecbo-sq.com/
ウルシステムズ株式会社,http://www.ulsystems.co.jp/
凸版印刷株式会社,http://www.toppan.co.jp/
株式会社ネオス,https://www.neos.ne.jp/
株式会社信興テクノミスト,http://www.shinko-1930.co.jp/
株式会社スマレジ,https://corp.smaregi.jp/
株式会社カスタネット,http://www.custa-net.co.jp/
トーテックアメニティ株式会社,https://www.totec.jp/
ピーシーアシスト株式会社,https://www.pcassist.co.jp/
ドゥウェル株式会社,http://www.dowell.co.jp/pc/
パナソニックシステムデザイン株式会社,https://panasonic.co.jp/cns/psd/
ＬＩＮＥ　Ｆｕｋｕｏｋａ株式会社,http://linefukuoka.co.jp/
株式会社サイバー大学,https://www.cyber-u.ac.jp/
株式会社メイテック,http://www.meitec.co.jp/
株式会社シースリー・ソフトウェア,http://www.c3soft.co.jp/index.html
株式会社シースリー・ソフトウェア,http://www.c3soft.co.jp/index.html
株式会社クリエル,https://www.creal.co.jp/company/
メドメイン株式会社,https://medmain.net/
メドメイン株式会社,https://medmain.net/
株式会社メイテックフィルダーズ,http://www.m-fielders.co.jp/
株式会社メイテックフィルダーズ,http://www.m-fielders.co.jp/
Sansan株式会社,http://jp.corp-sansan.com
Sansan株式会社,http://jp.corp-sansan.com
株式会社テクノプロ,http://www.technopro.com/
Sansan株式会社,http://jp.corp-sansan.com
Sansan株式会社,http://jp.corp-sansan.com
ＬＩＮＥ　Ｆｕｋｕｏｋａ株式会社,http://linefukuoka.co.jp/
ドゥウェル株式会社,http://www.dowell.co.jp/pc/
株式会社メイテック,http://www.meitec.co.jp/
株式会社TMJ,http://www.tmj.jp/
株式会社ユニゾンシステムズ,https://www.unixon.co.jp/
株式会社ブロードリーフ,http://www.broadleaf.co.jp/
株式会社ブロードリーフ,http://www.broadleaf.co.jp/
株式会社ソフトサービス,http://www.soft-service.co.jp/
株式会社プリマジェスト,http://www.primagest.co.jp/
ナレッジソフト株式会社,https://kn-soft.jp/
株式会社クレスコ,http://www.cresco.co.jp/
株式会社やずや,http://www.yazuya.co.jp/
株式会社QTnet,http://www.qtnet.co.jp/
株式会社ミライト情報システム,https://www.miraitsystems.jp/index.html
株式会社QTnet,http://www.qtnet.co.jp/
株式会社クレスコ,http://www.cresco.co.jp/
株式会社ゆめみ,http://yumemi.co.jp/
株式会社佐賀電算センター,https://www.sdcns.co.jp/
株式会社ハーブ健康本舗,http://www.herb-kenko.com/
株式会社ブレーンナレッジシステムズ,https://bs-ja.co.jp/
株式会社ブレーンナレッジシステムズ,https://bs-ja.co.jp/
嘉穂無線ホールディングス株式会社,
株式会社オープンストリーム　,http://www.opst.co.jp/
株式会社リツビ,http://www.ritsubi.co.jp/
株式会社システナ,https://www.systena.co.jp/
株式会社システナ,https://www.systena.co.jp/
ＰａｙＰａｙカード株式会社,https://www.paypay-card.co.jp/company/
トーテックアメニティ株式会社,https://www.totec.jp/
有限会社ホームニクス,https://homenix.jp/
富士ソフト株式会社,http://www.fsi.co.jp/
富士ソフト株式会社,http://www.fsi.co.jp/
株式会社野村総合研究所,http://www.nri.com/jp/
株式会社野村総合研究所,http://www.nri.com/jp/
株式会社野村総合研究所,http://www.nri.com/jp/
株式会社野村総合研究所,http://www.nri.com/jp/
株式会社野村総合研究所,http://www.nri.com/jp/
株式会社オロ,http://www.oro.co.jp/
株式会社オロ,http://www.oro.co.jp/
株式会社elseif,https://www.elseif.jp/
イー・アンド・エム株式会社,http://www.eandm.co.jp
アクサス株式会社,http://www.axas-japan.co.jp/
株式会社湯山製作所,http://www.yuyama.co.jp/
株式会社レスコ,http://www.rescho.co.jp/
ＰａｙＰａｙカード株式会社,https://www.paypay-card.co.jp/company/
ＰａｙＰａｙカード株式会社,https://www.paypay-card.co.jp/company/
株式会社オロ,http://www.oro.co.jp/
株式会社九州リースサービス,https://www.k-lease.co.jp
パーソルプロセス＆テクノロジー株式会社,https://www.persol-pt.co.jp
株式会社ＧＳＩ,http://www.glue-si.com/
アルファテクノロジー株式会社,http://www.alphatc.co.jp/
株式会社セーフマスター,http://www.safemaster.jp/
株式会社テクノクリエイティブ,http://www.techno-creative.co.jp/
PwCコンサルティング合同会社,http://www.pwc.com/jp/ja.html
株式会社ＧＳＩ,http://www.glue-si.com/
株式会社インターネットイニシアティブ（東証一部上場）,http://www.iij.ad.jp
株式会社ユニゾンシステムズ,https://www.unixon.co.jp/
株式会社PLAY,https://play.jp/
株式会社PLAY,https://play.jp/
応用技術株式会社,https://www.apptec.co.jp/
応用技術株式会社,https://www.apptec.co.jp/
応用技術株式会社,https://www.apptec.co.jp/
トーテックアメニティ株式会社,https://www.totec.jp/
ＬＩＮＥ　Ｆｕｋｕｏｋａ株式会社,http://linefukuoka.co.jp/
株式会社エム・オー・エム・テクノロジー,https://www.momt.co.jp/
株式会社ｅ‐ｓｉａ,http://www.e-sia.jp/
トランスコスモス株式会社~東証一部上場～,http://www.trans-cosmos.co.jp/
株式会社iD,http://www.intelligent-design.co.jp/
株式会社ＭＩＣＳ,https://www.mics-inc.jp/index.html
株式会社インターネットイニシアティブ（東証一部上場）,http://www.iij.ad.jp
株式会社elseif,https://www.elseif.jp/
セイコーソリューションズ株式会社,https://www.seiko-sol.co.jp/
株式会社テクノクリエイティブ,http://www.techno-creative.co.jp/
株式会社テクノプロ,http://www.technopro.com/
メルコセミコンダクタエンジニアリング株式会社,http://www.msec-melco.co.jp/
株式会社ＬＡＳＳＩＣ,http://www.lassic.co.jp/
株式会社ＳｏＷｈａｔ,https://www.sowhat-inc.com/
SCSK九州株式会社,http://www.scsk-kyushu.co.jp/
株式会社リンクテクノロジー,http://www.link-tech.co.jp/index.html
株式会社アビリブ,http://www.ab-net.co.jp/
ニッポンインシュア株式会社,https://www.nipponinsure.jp/
株式会社メイテック,http://www.meitec.co.jp/
株式会社SICホールディングス,http://mamafamily.com/
ジャパニアス株式会社,http://www.jna.co.jp/
アドソル日進株式会社,https://www.adniss.jp/
株式会社ジェイシーシー,http://jcc-jp.jp/
パナソニックシステムデザイン株式会社,https://panasonic.co.jp/cns/psd/
株式会社シースリー・ソフトウェア,http://www.c3soft.co.jp/index.html
コンピューターサイエンス 株式会社,http://www.cscnet.co.jp
デフィデ株式会社,https://www.defide-ix.com/
デフィデ株式会社,https://www.defide-ix.com/
株式会社ネオス,https://www.neos.ne.jp/
メルコセミコンダクタエンジニアリング株式会社,http://www.msec-melco.co.jp/
フォントワークス株式会社,http://fontworks.co.jp/
トランスコスモス株式会社~東証一部上場～,http://www.trans-cosmos.co.jp/
株式会社ウィズオノウェア,https://withonoware.co.jp/
ＬＩＮＥ　Ｆｕｋｕｏｋａ株式会社,http://linefukuoka.co.jp/
株式会社ブロードリーフ,http://www.broadleaf.co.jp/
ＬＩＮＥ　Ｆｕｋｕｏｋａ株式会社,http://linefukuoka.co.jp/
ＬＩＮＥ　Ｆｕｋｕｏｋａ株式会社,http://linefukuoka.co.jp/
株式会社システムフォレスト,http://www.systemforest.com/
デロイト トーマツ アクト株式会社,https://www2.deloitte.com/jp/ja/pages/about-deloitte/articles/dtc/dt-akt.html
三井松島ホールディングス株式会社,http://www.mitsui-matsushima.co.jp
株式会社レスコ,http://www.rescho.co.jp/
株式会社ＰｉｎＴ,https://pintinc.jp/
株式会社スリーサイズ,https://www.three-sides.co.jp/
株式会社ジェムキャッスルゆきざき,https://yukizaki.co.jp/
日研トータルソーシング株式会社,https://www.nikken-totalsourcing.jp/
アスノシステム株式会社,https://asno-sys.co.jp/
株式会社アール・エス・アール,https://rsr.co.jp/
株式会社エクシーズ,http://www.xseeds.co.jp/
株式会社カスタネット,http://www.custa-net.co.jp/
株式会社トランスメディアＧＰ,http://www.trance-media.jp/
日本エクサシステム株式会社,http://www.j-exa.co.jp/index.html
ＬＩＮＥ　Ｆｕｋｕｏｋａ株式会社,http://linefukuoka.co.jp/
日本エクサシステム株式会社,http://www.j-exa.co.jp/index.html
株式会社デジタルハーツ,http://www.digitalhearts.co.jp
株式会社キャム,http://www.cam-net.co.jp/
株式会社ハイドロ総合技術研究所,https://www.hydrosoken.co.jp
株式会社シーエスアイ,https://www.csiinc.co.jp/
株式会社テクノプロ,http://www.technopro.com/
ＰａｙＰａｙカード株式会社,https://www.paypay-card.co.jp/company/
株式会社エモテント,http://www.emotent.jp/corp/index.html
有限会社ホームニクス,https://homenix.jp/
株式会社エモテント,http://www.emotent.jp/corp/index.html
株式会社シティアスコム,https://www.city.co.jp/
ヤフー株式会社,https://about.yahoo.co.jp/info/company/
楽天証券株式会社,http://www.rakuten-sec.co.jp/
株式会社ＧＳＩ,http://www.glue-si.com/
楽天証券株式会社,http://www.rakuten-sec.co.jp/
エムシーエー株式会社,http://www.ymca.co.jp/index.html
ＰａｙＰａｙカード株式会社,https://www.paypay-card.co.jp/company/
株式会社日本画像配信,https://j-id.co.jp/
株式会社やずや,http://www.yazuya.co.jp/
株式会社日本画像配信,https://j-id.co.jp/
TIS西日本株式会社,http://www.tis-w.co.jp/
Gcomホールディングス株式会社,https://www.gyoseiq.co.jp/
株式会社ベガコーポレーション,http://www.vega-c.com/
株式会社コスモウェーブ,http://www.cosmo-w.co.jp/
東京コンピュータサービス株式会社,http://www.tcs-ipnet.co.jp/
株式会社ネオス,https://www.neos.ne.jp/
パーク２４ 株式会社,http://www.park24.co.jp/
富士フイルムビジネスイノベーションジャパン株式会社,https://www.fujixerox.co.jp/tkx
株式会社HTSライズ,https://www.kkhts.com/2016HTS/Home/
株式会社ラック,http://www.lac.co.jp/
学校法人 麻生塾,http://www.asojuku.ac.jp/
株式会社建設システム,https://www.kentem.jp/
ユニティ・ソフト株式会社,https://www.g-unity.jp/
フューチャーインスペース株式会社,http://www.inspace.co.jp/
ＦＦＧコンピューターサービス株式会社,https://www.fcs-web.co.jp/
キャル株式会社,https://www.cal.co.jp/
株式会社デジタルハーツ,http://www.digitalhearts.co.jp
株式会社ファーストプランニングス,https://firstplannings.co.jp/index.html
楽天カード株式会社,http://www.rakuten-card.co.jp/
楽天カード株式会社,http://www.rakuten-card.co.jp/
楽天カード株式会社,http://www.rakuten-card.co.jp/
楽天カード株式会社,http://www.rakuten-card.co.jp/
キャル株式会社,https://www.cal.co.jp/
株式会社ｇｕｍｉ,http://gu3.co.jp/
フューチャーインスペース株式会社,http://www.inspace.co.jp/
学校法人 麻生塾,http://www.asojuku.ac.jp/
株式会社ジェイテック,https://www.j-tech.jp/
バルテス株式会社,https://www.valtes.co.jp/
フューチャー株式会社,http://www.future.co.jp/
株式会社Works Human Intelligence,https://www.works-hi.co.jp/
株式会社SICホールディングス,http://mamafamily.com/
ユニティ・ソフト株式会社,https://www.g-unity.jp/
キャル株式会社,https://www.cal.co.jp/
株式会社ネットワーク応用技術研究所,https://www.nalab.jp/
株式会社SICホールディングス,http://mamafamily.com/
株式会社Ｄ・Ａ・Ｇ,http://www.dag-inc.com/
株式会社グローバルワークス,https://gwx.co.jp/
株式会社ミロク情報サービス,http://www.mjs.co.jp/
KLab株式会社,http://www.klab.com/jp/
株式会社ネットワーク応用技術研究所,https://www.nalab.jp/
株式会社リサーチアンドソリューション,https://www.rands-co.com/
ＦＦＧコンピューターサービス株式会社,https://www.fcs-web.co.jp/
株式会社ペンシル,https://www.pencil.co.jp/
ウルシステムズ株式会社,http://www.ulsystems.co.jp/
ウルシステムズ株式会社,http://www.ulsystems.co.jp/
株式会社コスモ・ソフト,http://www2.cosmosoft.co.jp/
株式会社テクノプロ,http://www.technopro.com/
九州計測器株式会社,http://www.qk-net.co.jp/
KLab株式会社,http://www.klab.com/jp/
ＰａｙＰａｙカード株式会社,https://www.paypay-card.co.jp/company/
株式会社ヒューマンキャピタル,https://www.huma-capital.co.jp/
株式会社佐賀電算センター,https://www.sdcns.co.jp/
株式会社アドコムソフト,http://adcomsoft.jp/
有限責任監査法人トーマツ,http://www.deloitte.com/jp
株式会社ハイドロ総合技術研究所,https://www.hydrosoken.co.jp
株式会社ハイドロ総合技術研究所,https://www.hydrosoken.co.jp
株式会社エムズワークス,http://www.ms-works.co.jp
株式会社アイティーシェルパ,https://itsherpa.com/
株式会社東洋新薬,http://www.toyoshinyaku.co.jp/
ラーグ株式会社,https://www.lagu.co.jp/
株式会社シノケングループ,https://www.shinoken.co.jp/
株式会社レスコ,http://www.rescho.co.jp/
株式会社Ｆｕｓｉｃ,https://fusic.co.jp/
チームラボ株式会社,http://www.team-lab.com
サイバーコム株式会社,http://www.cy-com.co.jp/
株式会社東洋新薬,http://www.toyoshinyaku.co.jp/
九州ＮＳソリューションズ株式会社,https://www.nssol.nipponsteel.com/kyushu/
株式会社電盛社,http://www.densei.co.jp/
メディアファイブ株式会社,http://www.media5.co.jp/
株式会社テクノクリエイティブ,http://www.techno-creative.co.jp/
ＰａｙＰａｙカード株式会社,https://www.paypay-card.co.jp/company/
チームラボ株式会社,http://www.team-lab.com
株式会社テクノクリエイティブ,http://www.techno-creative.co.jp/
株式会社Ｋ－ＢＩＴ,http://www.kbit.co.jp
九州ＮＳソリューションズ株式会社,https://www.nssol.nipponsteel.com/kyushu/
株式会社レスコ,http://www.rescho.co.jp/
福岡地所株式会社,http://www.fukuokajisho.com/
株式会社テクノクリエイティブ,http://www.techno-creative.co.jp/
メディアファイブ株式会社,http://www.media5.co.jp/
トーテックアメニティ株式会社,https://www.totec.jp/
株式会社Ｆｕｓｉｃ,https://fusic.co.jp/
ＩＮＴＬＯＯＰ株式会社,http://www.intloop.com/
株式会社ＳＲＡ西日本,http://www.sraw.co.jp/
株式会社ＳＲＡ西日本,http://www.sraw.co.jp/
ＩＮＴＬＯＯＰ株式会社,http://www.intloop.com/
株式会社ブレーンナレッジシステムズ,https://bs-ja.co.jp/
株式会社セーフマスター,http://www.safemaster.jp/
株式会社アビリブ,http://www.ab-net.co.jp/
株式会社スリーサイズ,https://www.three-sides.co.jp/
シスメックスＣＮＡ株式会社,http://www.sysmex-cna.co.jp/
ジャパニアス株式会社,http://www.jna.co.jp/
株式会社オプティマ,http://www.opt.co.jp
株式会社テクノプロ,http://www.technopro.com/
株式会社ＺＥＬＸＵＳ,https://www.zelxus.com/
株式会社Ｆｕｓｉｃ,https://fusic.co.jp/
株式会社アミック,http://www.ammic.co.jp/
株式会社スリーサイズ,https://www.three-sides.co.jp/
デロイト トーマツ アクト株式会社,https://www2.deloitte.com/jp/ja/pages/about-deloitte/articles/dtc/dt-akt.html
ＳＣＳＫ九州株式会社,http://www.scsk-kyushu.co.jp/
株式会社スリーサイズ,https://www.three-sides.co.jp/
株式会社ゼネラルアサヒ,http://www.generalasahi.co.jp/
株式会社匠,https://www.takumi-robo.com/
株式会社エクシーズ,http://www.xseeds.co.jp/
シスメックスＣＮＡ株式会社,http://www.sysmex-cna.co.jp/
嘉穂無線ホールディングス株式会社,
株式会社クレス,http://cress.ne.jp/company.html
タック 株式会社,http://www.taknet.co.jp/
株式会社コスモ・ソフト,http://www2.cosmosoft.co.jp/
アイシグリーンシステム株式会社,http://icgreensystem.jp/
SCSK九州株式会社,http://www.scsk-kyushu.co.jp/
株式会社BTM,http://www.b-tm.co.jp/
株式会社ベガコーポレーション,http://www.vega-c.com/
株式会社Ｆｕｓｉｃ,https://fusic.co.jp/
株式会社エフェクト,http://www.effect-effect.com/
株式会社信興テクノミスト,http://www.shinko-1930.co.jp/
株式会社シノケングループ,https://www.shinoken.co.jp/
株式会社両備システムズ,https://www.ryobi.co.jp/
株式会社テクノプロ,http://www.technopro.com/
ＬＩＮＥ　Ｆｕｋｕｏｋａ株式会社,http://linefukuoka.co.jp/
株式会社テクノプロ,http://www.technopro.com/
ＬＩＮＥ　Ｆｕｋｕｏｋａ株式会社,http://linefukuoka.co.jp/
株式会社Ｆｕｓｉｃ,https://fusic.co.jp/
株式会社セイコーポレーション,http://sei-corporation.co.jp/
株式会社テクノプロ,http://www.technopro.com/
チームラボエンジニアリング株式会社,https://www.team-lab.com/engineering/
株式会社アール・エス・アール,https://rsr.co.jp/
株式会社ｇｕｍｉ,http://gu3.co.jp/
株式会社LOWCAL,http://l-owcal.com/index.php
株式会社ラドバリュー,http://www.radvalu.com/
株式会社ふくおかフィナンシャルグループ,https://www.fukuoka-fg.com/
株式会社ふくおかフィナンシャルグループ,https://www.fukuoka-fg.com/
株式会社シーディア,https://seedea.asia/
西鉄情報システム株式会社,https://www.nishitetsu.ne.jp/nis/
株式会社ＦＣＣテクノ,https://www.fcctech.co.jp/
ＬＩＮＥ　Ｆｕｋｕｏｋａ株式会社,http://linefukuoka.co.jp/
ＬＩＮＥ　Ｆｕｋｕｏｋａ株式会社,http://linefukuoka.co.jp/
ＬＩＮＥ　Ｆｕｋｕｏｋａ株式会社,http://linefukuoka.co.jp/
ＬＩＮＥ　Ｆｕｋｕｏｋａ株式会社,http://linefukuoka.co.jp/
ＬＩＮＥ　Ｆｕｋｕｏｋａ株式会社,http://linefukuoka.co.jp/
ＬＩＮＥ　Ｆｕｋｕｏｋａ株式会社,http://linefukuoka.co.jp/
株式会社パートナー,https://www.go-partner.jp/
株式会社デリバリーコンサルティング,http://www.deliv.co.jp/
ＰＨＣ株式会社,https://www.phchd.com/jp/phc
ジェイエムテクノロジー株式会社,http://www.jmtech.co.jp/
株式会社ラドバリュー,http://www.radvalu.com/
株式会社リサーチアンドソリューション,https://www.rands-co.com/
アイシグリーンシステム株式会社,http://icgreensystem.jp/
株式会社エアスポット,https://airspo.co.jp/
株式会社ブレーンナレッジシステムズ,https://bs-ja.co.jp/
株式会社テクノプロ,http://www.technopro.com/
株式会社BTM,http://www.b-tm.co.jp/
株式会社大塚商会,http://www.otsuka-shokai.co.jp/
富士ソフト株式会社,http://www.fsi.co.jp/
株式会社ジェイ・クリエイション,https://www.jcreation.co.jp/
株式会社テラスカイ,http://www.terrasky.co.jp/
株式会社スマレジ,https://corp.smaregi.jp/
株式会社スマレジ,https://corp.smaregi.jp/
あさかわシステムズ 株式会社,https://www.a-sk.co.jp/
株式会社ふくおかフィナンシャルグループ,https://www.fukuoka-fg.com/
株式会社テクノプロ,http://www.technopro.com/
株式会社ＬＡＳＳＩＣ,http://www.lassic.co.jp/
株式会社アクシス,https://www.axis-net.co.jp/
ワークスアイディ株式会社,https://www.worksid.co.jp/
株式会社ヒラテ技研,http://www.hirate.com
株式会社ニュージャパンナレッジ,http://njkcorp.jp
株式会社パソナテック,http://www.pasonatech.co.jp/
株式会社エム・オー・エム・テクノロジー,https://www.momt.co.jp/
株式会社ネクストシステム,http://www.next-system.com/
株式会社サニックス・ソフトウェア・デザイン,https://www.software.sanix.jp/
株式会社メルカリ,https://about.mercari.com/
株式会社リクルートR＆Dスタッフィング,https://www.recruit-rds.co.jp/
株式会社アトミテック,http://atomitech.jp/
NJCソフトウェア株式会社,http://www.njcsoft.co.jp/
サイバーコム株式会社,http://www.cy-com.co.jp/
株式会社アメイズ,https://www.az-hotels.co.jp/
株式会社スカイディスク,https://skydisc.jp/
株式会社マネーフォワード,https://moneyforward.com/
株式会社ゼンリン,https://www.zenrin.co.jp
株式会社アイキューブドシステムズ,http://www.i3-systems.com/
株式会社オートメイション・テクノロジー,https://www.inf9.co.jp/
株式会社アイキューブドシステムズ,http://www.i3-systems.com/
株式会社スカイディスク,https://skydisc.jp/
株式会社ブレーンナレッジシステムズ,https://bs-ja.co.jp/
株式会社ベガコーポレーション,http://www.vega-c.com/
株式会社ブレーンナレッジシステムズ,https://bs-ja.co.jp/
株式会社ハーブ健康本舗,http://www.herb-kenko.com/
システムギア株式会社,https://www.systemgear.com/
株式会社コスモウェーブ,http://www.cosmo-w.co.jp/
株式会社ゆめみ,http://yumemi.co.jp/
オンサイト株式会社,https://on-sight.biz/
株式会社 システムライフ,http://www.syslife.co.jp
株式会社ワビット,http://www.wa-bit.com/
株式会社スカイディスク,https://skydisc.jp/
株式会社メイテック,http://www.meitec.co.jp/
株式会社アイウェーブシステム,http://www.iwavesystem.co.jp/
株式会社Ｆｕｓｉｃ,https://fusic.co.jp/
株式会社ＮＳＤ,http://www.nsd.co.jp/index.html
株式会社コア,http://www.core.co.jp/
株式会社コア,http://www.core.co.jp/
株式会社パソナテック,http://www.pasonatech.co.jp/
株式会社エモテント,http://www.emotent.jp/corp/index.html
株式会社エモテント,http://www.emotent.jp/corp/index.html
株式会社オーイーシー,https://www.oec.co.jp
株式会社オーイーシー,https://www.oec.co.jp
株式会社ＳＡＴ,http://www.sat.ne.jp/
株式会社アビリブ,http://www.ab-net.co.jp/
株式会社リクルートR＆Dスタッフィング,https://www.recruit-rds.co.jp/
株式会社イメージ,http://www.image-co.com/
株式会社ＮＳＤ,http://www.nsd.co.jp/index.html
株式会社 システムライフ,http://www.syslife.co.jp
HYUGA PRIMARY CARE株式会社締切間近,https://www.hyuga-primary.care/ja/index.html
株式会社Ｂｒａｖｅｒｉｄｇｅ締切間近,http://www.braveridge.com/index.html
九州ＮＳソリューションズ株式会社締切間近,https://www.nssol.nipponsteel.com/kyushu/
株式会社ブロードリーフ締切間近,http://www.broadleaf.co.jp/
株式会社ブロードリーフ締切間近,http://www.broadleaf.co.jp/
パナソニック プロダクションエンジニアリング株式会社締切間近,http://www.panasonic.com/jp/company/ppe.html
ジャパニアス株式会社締切間近,http://www.jna.co.jp/
KLab株式会社締切間近,http://www.klab.com/jp/
株式会社ＬＡＳＳＩＣ締切間近,http://www.lassic.co.jp/
株式会社ATGS締切間近,https://www.atgs.jp/
株式会社デジナーレ締切間近,https://designare.jp/
メディアジョイント株式会社締切間近,http://www.mediajoint.co.jp/
株式会社Ｊストリーム締切間近,http://www.stream.co.jp
株式会社マイクロ・シー・エー・デー締切間近,https://www.microcad.co.jp/
HYUGA PRIMARY CARE株式会社締切間近,https://www.hyuga-primary.care/ja/index.html
株式会社Ｂｒａｖｅｒｉｄｇｅ締切間近,http://www.braveridge.com/index.html
ICTコンストラクション株式会社締切間近,https://www.gyoseiq.co.jp/ict/
株式会社アイキューブドシステムズ締切間近,http://www.i3-systems.com/
株式会社レスコ締切間近,http://www.rescho.co.jp/
株式会社アソウ・アルファ締切間近,https://alpha.ahc-net.co.jp/
株式会社ソフトサービス　ライフケア締切間近,https://lifecare.soft-service.co.jp/
株式会社ヴァル研究所締切間近,http://www.val.co.jp/
株式会社ヴァル研究所締切間近,http://www.val.co.jp/
株式会社ふくおかフィナンシャルグループ締切間近,https://www.fukuoka-fg.com/
株式会社ふくおかフィナンシャルグループ締切間近,https://www.fukuoka-fg.com/
株式会社ふくおかフィナンシャルグループ締切間近,https://www.fukuoka-fg.com/
ウルシステムズ株式会社締切間近,http://www.ulsystems.co.jp/
TIS株式会社締切間近,http://www.tis.co.jp/
株式会社ビーイング締切間近,http://www.beingcorp.co.jp/
株式会社アビリブ締切間近,http://www.ab-net.co.jp/
株式会社ＧＳＩ締切間近,http://www.glue-si.com/
