company,url
株式会社夢テクノロジー,https://www.yumeteku.jp/?utm_source=mae&utm_medium=bt
株式会社スタッフサービス　エンジニアリング事業本部,https://www.staffservice-engineering.jp/beginner/
株式会社フロンティアダイレクト,https://frontier-di.co.jp/
フォーザウィン株式会社,https://www.forthewin.co.jp/
株式会社SHIFT【プライム市場】,http://www.shiftinc.jp/
株式会社スタッフサービス　エンジニアリング事業本部,https://www.staffservice-engineering.jp/beginner/
ALH株式会社,https://www.alhinc.jp/
ALH株式会社,https://www.alhinc.jp/
株式会社フラット,https://flat-inc.site/
株式会社セラク【プライム市場】,https://www.seraku.co.jp/
トーテックアメニティ株式会社,https://www.totec.jp/
株式会社ＨＡＬ,https://www.hal21.co.jp/
株式会社エクシオジャパン,https://www.exeojapan.com/
Ｓｋｙ株式会社,http://www.skygroup.jp/
ディーピーティー株式会社,http://www.dpt-inc.co.jp
株式会社SHIFT【プライム市場】,https://www.shiftinc.jp/
株式会社ＮＥＷ　ＧＡＴＥ,https://n-newgate.com/
株式会社テクノクリエイティブ,https://www.techno-creative.co.jp/
PayPayカード株式会社(Zホールディングス),https://www.paypay-card.co.jp/company/
株式会社アウトソーシングテクノロジーSS事業本部,https://it-recruit.ostechnology.co.jp/
マンパワーグループ株式会社,https://www.experis.jp/
ＣＬＩＮＫＳ株式会社,https://www.clinks.jp/
パーソルエクセルHRパートナーズ株式会社,https://persol-hrpartners.co.jp/
ＬＩＮＥ　Ｆｕｋｕｏｋａ株式会社,https://linefukuoka.co.jp/ja/
富士ソフト株式会社【プライム市場】,https://www.fsi.co.jp/
株式会社インテクア,https://www.intequa.jp/
株式会社インテクア,https://www.intequa.jp/
ラーニンギフト株式会社,https://learningift.com/
株式会社日本ビジネスデータープロセシングセンター,https://ssl.nihon-data.jp
株式会社クリア,https://clear-inc.site/
株式会社ＪＯＩＮＴ　ＣＲＥＷ,https://www.jointcrew.co.jp/
株式会社ルートゼロ,https://route-zero.com/recruit/
株式会社JCDソリューション,http://www.jcdsol.co.jp/
ラーニンギフト株式会社,https://learningift.com/
株式会社SHIFT【プライム市場】,https://www.shiftinc.jp/
株式会社ワールドインテック(ワールドホールディングスグループ),https://www.witc.co.jp/
ラーニンギフト株式会社,https://learningift.com/
ALH株式会社【福岡事業所】,https://www.alhinc.jp/
ALH株式会社【福岡事業所】,https://www.alhinc.jp/
株式会社JCDソリューション,http://www.jcdsol.co.jp/
Vareal株式会社,https://www.vareal.co.jp/
株式会社キャリアイノベーション,https://career-inv.net/
Ｓｋｙ株式会社,http://www.skygroup.jp/
凸版印刷株式会社【プライム市場】,https://www.toppan.co.jp/
株式会社ＩＮＦＯＮＥＸ,http://infonex.jp/
株式会社ATGS(SKIグループ),https://www.atgs.jp/
地球人．ｊｐ株式会社,https://chikyujin.jp/
